<?xml version = '1.0' encoding = 'UTF-8'?>
<Relation class="oracle.dbtools.crest.model.design.logical.Relation" name="Relation_14" directorySegmentName="seg_0" id="023D1054-51C2-67F4-CD43-FB92FFC81CA8">
<createdBy>quick</createdBy>
<createdTime>2021-03-20 11:20:43 UTC</createdTime>
<ownerDesignName>abd trabajo</ownerDesignName>
<engineerTo>
<item key="D988C372-5B9D-D014-1665-3175EC99EB4B" value="true"/>
</engineerTo>
<sourcePk>B8A36E50-5CBD-95C4-EAD6-DB96D6FAB195</sourcePk>
<identifying>true</identifying>
<optionalSource>true</optionalSource>
<optionalTarget>false</optionalTarget>
<sourceCardinality>1</sourceCardinality>
<sourceEntity>A220533B-76A4-18F2-C928-B3870749DE82</sourceEntity>
<targetCardinalityString>*</targetCardinalityString>
<targetEntity>93686239-E7E1-9562-C564-33166119995A</targetEntity>
<transferable>true</transferable>
<deleteRule>NO ACTION</deleteRule>
</Relation>