<?xml version = '1.0' encoding = 'UTF-8'?>
<Relation class="oracle.dbtools.crest.model.design.logical.Relation" name="Relation_5" directorySegmentName="seg_0" id="1AD6D7EC-1195-5585-4D1B-2AF99408FA81">
<createdBy>quick</createdBy>
<createdTime>2021-03-18 13:25:26 UTC</createdTime>
<ownerDesignName>abd trabajo</ownerDesignName>
<engineerTo>
<item key="D988C372-5B9D-D014-1665-3175EC99EB4B" value="true"/>
</engineerTo>
<sourcePk>B8A36E50-5CBD-95C4-EAD6-DB96D6FAB195</sourcePk>
<identifying>false</identifying>
<optionalSource>true</optionalSource>
<optionalTarget>false</optionalTarget>
<sourceCardinality>1</sourceCardinality>
<sourceEntity>A220533B-76A4-18F2-C928-B3870749DE82</sourceEntity>
<targetCardinalityString>*</targetCardinalityString>
<targetEntity>767DAAD6-9548-217C-B82A-01ED9667331B</targetEntity>
<transferable>true</transferable>
<deleteRule>NO ACTION</deleteRule>
</Relation>