<?xml version = '1.0' encoding = 'UTF-8'?>
<Relation class="oracle.dbtools.crest.model.design.logical.Relation" name="Relation_1" directorySegmentName="seg_0" id="2C862E38-7D65-7D59-3265-CCCDBD8148B6">
<createdBy>quick</createdBy>
<createdTime>2021-03-18 13:23:48 UTC</createdTime>
<ownerDesignName>abd trabajo</ownerDesignName>
<engineerTo>
<item key="D988C372-5B9D-D014-1665-3175EC99EB4B" value="true"/>
</engineerTo>
<sourcePk>F5FF2B2B-C2F8-57E3-6F6F-2B677F95BF4C</sourcePk>
<identifying>false</identifying>
<optionalSource>true</optionalSource>
<optionalTarget>false</optionalTarget>
<sourceCardinality>1</sourceCardinality>
<sourceEntity>5197A35A-DD61-5495-38CC-DF428D8B1BBA</sourceEntity>
<targetCardinalityString>*</targetCardinalityString>
<targetEntity>D3641F71-9787-8910-A979-062D32B87D5C</targetEntity>
<transferable>true</transferable>
<deleteRule>NO ACTION</deleteRule>
</Relation>