<?xml version = '1.0' encoding = 'UTF-8'?>
<Relation class="oracle.dbtools.crest.model.design.logical.Relation" name="Relation_13" directorySegmentName="seg_0" id="33B6FD4F-D643-86F4-9FA7-4717C4684030">
<createdBy>quick</createdBy>
<createdTime>2021-03-20 11:20:36 UTC</createdTime>
<ownerDesignName>abd trabajo</ownerDesignName>
<engineerTo>
<item key="D988C372-5B9D-D014-1665-3175EC99EB4B" value="true"/>
</engineerTo>
<sourcePk>F5FF2B2B-C2F8-57E3-6F6F-2B677F95BF4C</sourcePk>
<identifying>true</identifying>
<optionalSource>true</optionalSource>
<optionalTarget>false</optionalTarget>
<sourceCardinality>1</sourceCardinality>
<sourceEntity>5197A35A-DD61-5495-38CC-DF428D8B1BBA</sourceEntity>
<targetCardinalityString>*</targetCardinalityString>
<targetEntity>A3B68145-4E75-17A1-B33F-8DEF25A1DD03</targetEntity>
<transferable>true</transferable>
<deleteRule>NO ACTION</deleteRule>
</Relation>