<?xml version = '1.0' encoding = 'UTF-8'?>
<Relation class="oracle.dbtools.crest.model.design.logical.Relation" name="Relation_2" directorySegmentName="seg_0" id="3B8369F3-3A9C-4B63-FC1D-42A8815D7022">
<createdBy>quick</createdBy>
<createdTime>2021-03-18 13:24:10 UTC</createdTime>
<ownerDesignName>abd trabajo</ownerDesignName>
<engineerTo>
<item key="D988C372-5B9D-D014-1665-3175EC99EB4B" value="true"/>
</engineerTo>
<sourcePk>0EC6909C-C113-E6C9-1944-15FADAF46C46</sourcePk>
<identifying>false</identifying>
<optionalSource>true</optionalSource>
<optionalTarget>false</optionalTarget>
<sourceCardinality>1</sourceCardinality>
<sourceEntity>C8BBDE48-2FF0-529C-C3E2-B3E4FF8FF517</sourceEntity>
<targetCardinalityString>*</targetCardinalityString>
<targetEntity>5197A35A-DD61-5495-38CC-DF428D8B1BBA</targetEntity>
<transferable>true</transferable>
<deleteRule>NO ACTION</deleteRule>
</Relation>