<?xml version = '1.0' encoding = 'UTF-8'?>
<Relation class="oracle.dbtools.crest.model.design.logical.Relation" name="Relation_7" directorySegmentName="seg_0" id="3DE8296B-A6C9-14A3-30CE-07C704C80A3F">
<createdBy>quick</createdBy>
<createdTime>2021-03-18 13:29:20 UTC</createdTime>
<ownerDesignName>abd trabajo</ownerDesignName>
<engineerTo>
<item key="D988C372-5B9D-D014-1665-3175EC99EB4B" value="true"/>
</engineerTo>
<targetPk>19A8E8E0-F2AE-D94B-30BD-75A32C1F7224</targetPk>
<identifying>false</identifying>
<optionalSource>true</optionalSource>
<optionalTarget>true</optionalTarget>
<sourceCardinality>1</sourceCardinality>
<sourceEntity>42D7BE0C-2A10-C873-9499-55BB37A2F671</sourceEntity>
<targetCardinalityString>*</targetCardinalityString>
<targetEntity>42D7BE0C-2A10-C873-9499-55BB37A2F671</targetEntity>
<transferable>true</transferable>
<deleteRule>NO ACTION</deleteRule>
</Relation>