<?xml version = '1.0' encoding = 'UTF-8'?>
<Relation class="oracle.dbtools.crest.model.design.logical.Relation" name="Relation_16" directorySegmentName="seg_0" id="48964263-B439-F5BF-5653-F43A4E6EAEE6">
<createdBy>quick</createdBy>
<createdTime>2021-03-20 11:24:29 UTC</createdTime>
<ownerDesignName>abd trabajo</ownerDesignName>
<engineerTo>
<item key="D988C372-5B9D-D014-1665-3175EC99EB4B" value="true"/>
</engineerTo>
<sourcePk>3068C6BB-3E35-8D28-880E-8BEEF7D935B7</sourcePk>
<identifying>true</identifying>
<optionalSource>true</optionalSource>
<optionalTarget>false</optionalTarget>
<sourceCardinality>1</sourceCardinality>
<sourceEntity>93686239-E7E1-9562-C564-33166119995A</sourceEntity>
<targetCardinalityString>*</targetCardinalityString>
<targetEntity>D6AE5C44-55FB-C163-9BA3-909DE181F0B2</targetEntity>
<transferable>true</transferable>
<deleteRule>NO ACTION</deleteRule>
</Relation>