<?xml version = '1.0' encoding = 'UTF-8'?>
<Relation class="oracle.dbtools.crest.model.design.logical.Relation" name="Relation_15" directorySegmentName="seg_0" id="550054E3-E7BF-789C-DF22-CC0ED7B21B13">
<createdBy>quick</createdBy>
<createdTime>2021-03-20 11:24:12 UTC</createdTime>
<ownerDesignName>abd trabajo</ownerDesignName>
<engineerTo>
<item key="D988C372-5B9D-D014-1665-3175EC99EB4B" value="true"/>
</engineerTo>
<sourcePk>19A8E8E0-F2AE-D94B-30BD-75A32C1F7224</sourcePk>
<identifying>false</identifying>
<optionalSource>true</optionalSource>
<optionalTarget>true</optionalTarget>
<sourceCardinality>1</sourceCardinality>
<sourceEntity>42D7BE0C-2A10-C873-9499-55BB37A2F671</sourceEntity>
<targetCardinalityString>*</targetCardinalityString>
<targetEntity>D6AE5C44-55FB-C163-9BA3-909DE181F0B2</targetEntity>
<transferable>true</transferable>
<deleteRule>NO ACTION</deleteRule>
</Relation>