<?xml version = '1.0' encoding = 'UTF-8'?>
<Relation class="oracle.dbtools.crest.model.design.logical.Relation" name="Relation_20" directorySegmentName="seg_0" id="58D93127-B6C3-2B69-AA33-52E5508DBF8D">
<createdBy>quick</createdBy>
<createdTime>2021-03-20 11:28:42 UTC</createdTime>
<ownerDesignName>abd trabajo</ownerDesignName>
<engineerTo>
<item key="D988C372-5B9D-D014-1665-3175EC99EB4B" value="true"/>
</engineerTo>
<identifying>false</identifying>
<optionalSource>true</optionalSource>
<optionalTarget>true</optionalTarget>
<sourceCardinality>*</sourceCardinality>
<sourceEntity>767DAAD6-9548-217C-B82A-01ED9667331B</sourceEntity>
<targetCardinalityString>*</targetCardinalityString>
<targetEntity>A3B68145-4E75-17A1-B33F-8DEF25A1DD03</targetEntity>
<transferable>true</transferable>
<deleteRule>NO ACTION</deleteRule>
</Relation>