<?xml version = '1.0' encoding = 'UTF-8'?>
<Relation class="oracle.dbtools.crest.model.design.logical.Relation" name="Relation_6" directorySegmentName="seg_0" id="5EBA887E-9E38-F46E-DF3C-BF6800BE43AA">
<createdBy>quick</createdBy>
<createdTime>2021-03-18 13:28:18 UTC</createdTime>
<ownerDesignName>abd trabajo</ownerDesignName>
<engineerTo>
<item key="D988C372-5B9D-D014-1665-3175EC99EB4B" value="true"/>
</engineerTo>
<sourcePk>0EC6909C-C113-E6C9-1944-15FADAF46C46</sourcePk>
<identifying>false</identifying>
<optionalSource>true</optionalSource>
<optionalTarget>false</optionalTarget>
<sourceCardinality>1</sourceCardinality>
<sourceEntity>C8BBDE48-2FF0-529C-C3E2-B3E4FF8FF517</sourceEntity>
<targetCardinalityString>*</targetCardinalityString>
<targetEntity>42D7BE0C-2A10-C873-9499-55BB37A2F671</targetEntity>
<transferable>true</transferable>
<deleteRule>NO ACTION</deleteRule>
</Relation>