<?xml version = '1.0' encoding = 'UTF-8'?>
<Relation class="oracle.dbtools.crest.model.design.logical.Relation" name="Relation_19" directorySegmentName="seg_0" id="803DA678-0FE7-2E13-D02A-8F6B821B4F41">
<createdBy>quick</createdBy>
<createdTime>2021-03-20 11:28:18 UTC</createdTime>
<ownerDesignName>abd trabajo</ownerDesignName>
<engineerTo>
<item key="D988C372-5B9D-D014-1665-3175EC99EB4B" value="true"/>
</engineerTo>
<identifying>false</identifying>
<nameOnSource>estan en</nameOnSource>
<nameOnTarget>estan en</nameOnTarget>
<optionalSource>true</optionalSource>
<optionalTarget>false</optionalTarget>
<sourceCardinality>*</sourceCardinality>
<sourceEntity>98E5FC54-354D-3A64-52FD-E08659C2C39B</sourceEntity>
<targetCardinalityString>*</targetCardinalityString>
<targetEntity>C8BBDE48-2FF0-529C-C3E2-B3E4FF8FF517</targetEntity>
<transferable>true</transferable>
<deleteRule>NO ACTION</deleteRule>
</Relation>