<?xml version = '1.0' encoding = 'UTF-8'?>
<Relation class="oracle.dbtools.crest.model.design.logical.Relation" name="Relation_4" directorySegmentName="seg_0" id="8230FB14-BD9C-C629-B89E-5B7D4D202009">
<createdBy>quick</createdBy>
<createdTime>2021-03-18 13:24:58 UTC</createdTime>
<ownerDesignName>abd trabajo</ownerDesignName>
<engineerTo>
<item key="D988C372-5B9D-D014-1665-3175EC99EB4B" value="true"/>
</engineerTo>
<sourcePk>E7053D2C-A414-392B-90F1-7ABCDDC26AAF</sourcePk>
<identifying>false</identifying>
<optionalSource>true</optionalSource>
<optionalTarget>false</optionalTarget>
<sourceCardinality>1</sourceCardinality>
<sourceEntity>29CC4A6D-6B09-EB68-AD88-97A89F923DA4</sourceEntity>
<targetCardinalityString>*</targetCardinalityString>
<targetEntity>A220533B-76A4-18F2-C928-B3870749DE82</targetEntity>
<transferable>true</transferable>
<deleteRule>NO ACTION</deleteRule>
</Relation>