<?xml version = '1.0' encoding = 'UTF-8'?>
<Relation class="oracle.dbtools.crest.model.design.logical.Relation" name="Relation_17" directorySegmentName="seg_0" id="8F542580-42BC-7C31-55A7-E5F2D0132F81">
<createdBy>quick</createdBy>
<createdTime>2021-03-20 11:24:35 UTC</createdTime>
<ownerDesignName>abd trabajo</ownerDesignName>
<engineerTo>
<item key="D988C372-5B9D-D014-1665-3175EC99EB4B" value="true"/>
</engineerTo>
<sourcePk>F5FF2B2B-C2F8-57E3-6F6F-2B677F95BF4C</sourcePk>
<identifying>true</identifying>
<optionalSource>true</optionalSource>
<optionalTarget>false</optionalTarget>
<sourceCardinality>1</sourceCardinality>
<sourceEntity>5197A35A-DD61-5495-38CC-DF428D8B1BBA</sourceEntity>
<targetCardinalityString>*</targetCardinalityString>
<targetEntity>D6AE5C44-55FB-C163-9BA3-909DE181F0B2</targetEntity>
<transferable>true</transferable>
<deleteRule>NO ACTION</deleteRule>
</Relation>