<?xml version = '1.0' encoding = 'UTF-8'?>
<Relation class="oracle.dbtools.crest.model.design.logical.Relation" name="Relation_11" directorySegmentName="seg_0" id="FC12DC56-B9B5-FB30-9C30-16A243EEAD45">
<createdBy>quick</createdBy>
<createdTime>2021-03-20 11:19:50 UTC</createdTime>
<ownerDesignName>abd trabajo</ownerDesignName>
<engineerTo>
<item key="D988C372-5B9D-D014-1665-3175EC99EB4B" value="true"/>
</engineerTo>
<sourcePk>19A8E8E0-F2AE-D94B-30BD-75A32C1F7224</sourcePk>
<identifying>true</identifying>
<optionalSource>true</optionalSource>
<optionalTarget>false</optionalTarget>
<sourceCardinality>1</sourceCardinality>
<sourceEntity>42D7BE0C-2A10-C873-9499-55BB37A2F671</sourceEntity>
<targetCardinalityString>*</targetCardinalityString>
<targetEntity>D3641F71-9787-8910-A979-062D32B87D5C</targetEntity>
<transferable>true</transferable>
<deleteRule>NO ACTION</deleteRule>
</Relation>