<?xml version = '1.0' encoding = 'UTF-8'?>
<Diagram class="oracle.dbtools.crest.swingui.logical.DPVLogical" name="Logical" id="B00DD276-C6E1-3E59-CBD5-129210D3C0FD">
<createdBy>quick</createdBy>
<modifiedBy>quick</modifiedBy>
<createdTime>2021-03-18 11:56:18 UTC</createdTime>
<autoRoute>false</autoRoute>
<boxInbox>true</boxInbox>
<showLegend>false</showLegend>
<showLabels>false</showLabels>
<showRelAttributes>false</showRelAttributes>
<gridEnabled>false</gridEnabled>
<showGrid>false</showGrid>
<diagramColor>-1</diagramColor>
<display>false</display>
<notation>1</notation>
<objectViews>
<OView class="oracle.dbtools.crest.swingui.logical.TVEntity" oid="29CC4A6D-6B09-EB68-AD88-97A89F923DA4" otype="Entity" vid="1A1FAEEC-3947-B4FA-AE30-DA2719E828F9">
<hideElementsInCurrentOnly>false</hideElementsInCurrentOnly>
<bounds x="740" y="91" width="158" height="196"/>
</OView>
<OView class="oracle.dbtools.crest.swingui.logical.TVEntity" oid="42D7BE0C-2A10-C873-9499-55BB37A2F671" otype="Entity" vid="9A778237-33D8-74F7-D423-DA6432EADD00">
<hideElementsInCurrentOnly>false</hideElementsInCurrentOnly>
<bounds x="895" y="637" width="186" height="155"/>
</OView>
<OView class="oracle.dbtools.crest.swingui.logical.TVEntity" oid="44BE3F15-E0E7-CD22-DDE2-24D30CF8C594" otype="Entity" vid="490EA103-BCE0-BB25-8DEF-1D696790D9B7">
<hideElementsInCurrentOnly>false</hideElementsInCurrentOnly>
<bounds x="67" y="344" width="213" height="65"/>
</OView>
<OView class="oracle.dbtools.crest.swingui.logical.TVEntity" oid="5197A35A-DD61-5495-38CC-DF428D8B1BBA" otype="Entity" vid="E711D1E7-04FA-75D7-A8AA-BD2C4F5A5C15">
<hideElementsInCurrentOnly>false</hideElementsInCurrentOnly>
<bounds x="46" y="177" width="274" height="244"/>
</OView>
<OView class="oracle.dbtools.crest.swingui.logical.TVEntity" oid="6BBFF975-90CA-F5C0-A3A8-AD53681BC488" otype="Entity" vid="65EB7E70-5036-5683-77CE-1E8E8196BC32">
<hideElementsInCurrentOnly>false</hideElementsInCurrentOnly>
<bounds x="1023" y="55" width="225" height="378"/>
</OView>
<OView class="oracle.dbtools.crest.swingui.logical.TVEntity" oid="767DAAD6-9548-217C-B82A-01ED9667331B" otype="Entity" vid="91143A90-AAEA-DF9E-5AA0-E95782C2351B">
<hideElementsInCurrentOnly>false</hideElementsInCurrentOnly>
<bounds x="588" y="258" width="117" height="62"/>
</OView>
<OView class="oracle.dbtools.crest.swingui.logical.TVEntity" oid="93686239-E7E1-9562-C564-33166119995A" otype="Entity" vid="555ED9F6-F631-747B-7CC5-9F0EF30AD256">
<hideElementsInCurrentOnly>false</hideElementsInCurrentOnly>
<bounds x="344" y="441" width="211" height="141"/>
</OView>
<OView class="oracle.dbtools.crest.swingui.logical.TVEntity" oid="98E5FC54-354D-3A64-52FD-E08659C2C39B" otype="Entity" vid="A1691C02-8BE0-FF24-08A4-3EE4BF148799">
<hideElementsInCurrentOnly>false</hideElementsInCurrentOnly>
<bounds x="562" y="35" width="142" height="84"/>
</OView>
<OView class="oracle.dbtools.crest.swingui.logical.TVEntity" oid="A220533B-76A4-18F2-C928-B3870749DE82" otype="Entity" vid="C52426E0-3BC4-F59F-DE8A-F788424E74BD">
<hideElementsInCurrentOnly>false</hideElementsInCurrentOnly>
<bounds x="333" y="125" width="176" height="163"/>
</OView>
<OView class="oracle.dbtools.crest.swingui.logical.TVEntity" oid="A3B68145-4E75-17A1-B33F-8DEF25A1DD03" otype="Entity" vid="4FCD6A62-F3B3-5102-2845-626F62490BDC">
<hideElementsInCurrentOnly>false</hideElementsInCurrentOnly>
<bounds x="592" y="365" width="197" height="68"/>
</OView>
<OView class="oracle.dbtools.crest.swingui.logical.TVEntity" oid="C8BBDE48-2FF0-529C-C3E2-B3E4FF8FF517" otype="Entity" vid="0A0A7335-4FA6-7D9D-385C-140916538858">
<hideElementsInCurrentOnly>false</hideElementsInCurrentOnly>
<bounds x="98" y="10" width="161" height="102"/>
</OView>
<OView class="oracle.dbtools.crest.swingui.logical.TVEntity" oid="D3641F71-9787-8910-A979-062D32B87D5C" otype="Entity" vid="40FB5359-D0CE-4CCC-9D01-6594505D8BBF">
<hideElementsInCurrentOnly>false</hideElementsInCurrentOnly>
<bounds x="80" y="670" width="140" height="103"/>
</OView>
<OView class="oracle.dbtools.crest.swingui.logical.TVEntity" oid="D6AE5C44-55FB-C163-9BA3-909DE181F0B2" otype="Entity" vid="6553C274-353D-4E7B-6B6B-FBEF021789AF">
<hideElementsInCurrentOnly>false</hideElementsInCurrentOnly>
<bounds x="342" y="663" width="232" height="46"/>
</OView>
</objectViews>
<connectors>
<Connector class="oracle.dbtools.crest.swingui.logical.TVRelation" oid="023D1054-51C2-67F4-CD43-FB92FFC81CA8" otype="Relation" vid_source="C52426E0-3BC4-F59F-DE8A-F788424E74BD" vid_target="555ED9F6-F631-747B-7CC5-9F0EF30AD256">
<hideElementsInCurrentOnly>false</hideElementsInCurrentOnly>
<backgroundColor>-16777216</backgroundColor>
<lineWidth>1</lineWidth>
<points>
<point x="426" y="288"/>
<point x="426" y="441"/>
</points>
</Connector>
<Connector class="oracle.dbtools.crest.swingui.logical.TVRelation" oid="1AD6D7EC-1195-5585-4D1B-2AF99408FA81" otype="Relation" vid_source="C52426E0-3BC4-F59F-DE8A-F788424E74BD" vid_target="91143A90-AAEA-DF9E-5AA0-E95782C2351B">
<hideElementsInCurrentOnly>false</hideElementsInCurrentOnly>
<backgroundColor>-16777216</backgroundColor>
<lineWidth>1</lineWidth>
<points>
<point x="509" y="273"/>
<point x="588" y="273"/>
</points>
</Connector>
<Connector class="oracle.dbtools.crest.swingui.logical.TVRelation" oid="2C862E38-7D65-7D59-3265-CCCDBD8148B6" otype="Relation" vid_source="E711D1E7-04FA-75D7-A8AA-BD2C4F5A5C15" vid_target="40FB5359-D0CE-4CCC-9D01-6594505D8BBF">
<hideElementsInCurrentOnly>false</hideElementsInCurrentOnly>
<backgroundColor>-16777216</backgroundColor>
<lineWidth>1</lineWidth>
<points>
<point x="150" y="421"/>
<point x="150" y="670"/>
</points>
</Connector>
<Connector class="oracle.dbtools.crest.swingui.logical.TVRelation" oid="32D986A9-3945-1669-9997-BE71B42F2979" otype="Relation" vid_source="0A0A7335-4FA6-7D9D-385C-140916538858" vid_target="C52426E0-3BC4-F59F-DE8A-F788424E74BD">
<hideElementsInCurrentOnly>false</hideElementsInCurrentOnly>
<backgroundColor>-16777216</backgroundColor>
<lineWidth>1</lineWidth>
<points>
<point x="259" y="109"/>
<point x="333" y="153"/>
</points>
</Connector>
<Connector class="oracle.dbtools.crest.swingui.logical.TVRelation" oid="33B6FD4F-D643-86F4-9FA7-4717C4684030" otype="Relation" vid_source="E711D1E7-04FA-75D7-A8AA-BD2C4F5A5C15" vid_target="4FCD6A62-F3B3-5102-2845-626F62490BDC">
<hideElementsInCurrentOnly>false</hideElementsInCurrentOnly>
<backgroundColor>-16777216</backgroundColor>
<lineWidth>1</lineWidth>
<points>
<point x="320" y="393"/>
<point x="592" y="393"/>
</points>
</Connector>
<Connector class="oracle.dbtools.crest.swingui.logical.TVRelation" oid="3B8369F3-3A9C-4B63-FC1D-42A8815D7022" otype="Relation" vid_source="0A0A7335-4FA6-7D9D-385C-140916538858" vid_target="E711D1E7-04FA-75D7-A8AA-BD2C4F5A5C15">
<hideElementsInCurrentOnly>false</hideElementsInCurrentOnly>
<backgroundColor>-16777216</backgroundColor>
<lineWidth>1</lineWidth>
<points>
<point x="178" y="112"/>
<point x="178" y="177"/>
</points>
</Connector>
<Connector class="oracle.dbtools.crest.swingui.logical.TVRelation" oid="3DE8296B-A6C9-14A3-30CE-07C704C80A3F" otype="Relation" vid_source="9A778237-33D8-74F7-D423-DA6432EADD00" vid_target="9A778237-33D8-74F7-D423-DA6432EADD00">
<hideElementsInCurrentOnly>false</hideElementsInCurrentOnly>
<backgroundColor>-16777216</backgroundColor>
<lineWidth>1</lineWidth>
<points>
<point x="1081" y="728"/>
<point x="1106" y="728"/>
<point x="1106" y="817"/>
<point x="1004" y="817"/>
<point x="1004" y="792"/>
</points>
</Connector>
<Connector class="oracle.dbtools.crest.swingui.logical.TVRelation" oid="48964263-B439-F5BF-5653-F43A4E6EAEE6" otype="Relation" vid_source="555ED9F6-F631-747B-7CC5-9F0EF30AD256" vid_target="6553C274-353D-4E7B-6B6B-FBEF021789AF">
<hideElementsInCurrentOnly>false</hideElementsInCurrentOnly>
<backgroundColor>-16777216</backgroundColor>
<lineWidth>1</lineWidth>
<points>
<point x="449" y="582"/>
<point x="449" y="663"/>
</points>
</Connector>
<Connector class="oracle.dbtools.crest.swingui.logical.TVRelation" oid="550054E3-E7BF-789C-DF22-CC0ED7B21B13" otype="Relation" vid_source="9A778237-33D8-74F7-D423-DA6432EADD00" vid_target="6553C274-353D-4E7B-6B6B-FBEF021789AF">
<hideElementsInCurrentOnly>false</hideElementsInCurrentOnly>
<backgroundColor>-16777216</backgroundColor>
<lineWidth>1</lineWidth>
<points>
<point x="895" y="686"/>
<point x="574" y="686"/>
</points>
</Connector>
<Connector class="oracle.dbtools.crest.swingui.logical.TVRelation" oid="58D93127-B6C3-2B69-AA33-52E5508DBF8D" otype="Relation" vid_source="91143A90-AAEA-DF9E-5AA0-E95782C2351B" vid_target="4FCD6A62-F3B3-5102-2845-626F62490BDC">
<hideElementsInCurrentOnly>false</hideElementsInCurrentOnly>
<backgroundColor>-16777216</backgroundColor>
<lineWidth>1</lineWidth>
<points>
<point x="648" y="320"/>
<point x="648" y="365"/>
</points>
</Connector>
<Connector class="oracle.dbtools.crest.swingui.logical.TVRelation" oid="5EBA887E-9E38-F46E-DF3C-BF6800BE43AA" otype="Relation" vid_source="0A0A7335-4FA6-7D9D-385C-140916538858" vid_target="9A778237-33D8-74F7-D423-DA6432EADD00">
<hideElementsInCurrentOnly>false</hideElementsInCurrentOnly>
<backgroundColor>-16777216</backgroundColor>
<lineWidth>1</lineWidth>
<points>
<point x="259" y="22"/>
<point x="953" y="22"/>
<point x="953" y="637"/>
</points>
</Connector>
<Connector class="oracle.dbtools.crest.swingui.logical.TVInheritanceRelation" oid="743991F3-0A18-193C-83FD-4B6DB67D1E73" otype="Hierarchy relation" vid_source="E711D1E7-04FA-75D7-A8AA-BD2C4F5A5C15" vid_target="490EA103-BCE0-BB25-8DEF-1D696790D9B7">
<hideElementsInCurrentOnly>false</hideElementsInCurrentOnly>
<backgroundColor>-65536</backgroundColor>
<lineWidth>1</lineWidth>
</Connector>
<Connector class="oracle.dbtools.crest.swingui.logical.TVRelation" oid="803DA678-0FE7-2E13-D02A-8F6B821B4F41" otype="Relation" vid_source="A1691C02-8BE0-FF24-08A4-3EE4BF148799" vid_target="0A0A7335-4FA6-7D9D-385C-140916538858">
<hideElementsInCurrentOnly>false</hideElementsInCurrentOnly>
<backgroundColor>-16777216</backgroundColor>
<lineWidth>1</lineWidth>
<points>
<point x="562" y="73"/>
<point x="259" y="73"/>
</points>
</Connector>
<Connector class="oracle.dbtools.crest.swingui.logical.TVRelation" oid="8230FB14-BD9C-C629-B89E-5B7D4D202009" otype="Relation" vid_source="1A1FAEEC-3947-B4FA-AE30-DA2719E828F9" vid_target="C52426E0-3BC4-F59F-DE8A-F788424E74BD">
<hideElementsInCurrentOnly>false</hideElementsInCurrentOnly>
<backgroundColor>-16777216</backgroundColor>
<lineWidth>1</lineWidth>
<points>
<point x="740" y="206"/>
<point x="509" y="206"/>
</points>
</Connector>
<Connector class="oracle.dbtools.crest.swingui.logical.TVRelation" oid="8F542580-42BC-7C31-55A7-E5F2D0132F81" otype="Relation" vid_source="E711D1E7-04FA-75D7-A8AA-BD2C4F5A5C15" vid_target="6553C274-353D-4E7B-6B6B-FBEF021789AF">
<hideElementsInCurrentOnly>false</hideElementsInCurrentOnly>
<backgroundColor>-16777216</backgroundColor>
<lineWidth>1</lineWidth>
<points>
<point x="265" y="421"/>
<point x="265" y="681"/>
<point x="342" y="681"/>
</points>
</Connector>
<Connector class="oracle.dbtools.crest.swingui.logical.TVRelation" oid="BDA5CA4A-3FEF-FC0D-0494-1B10B4B28AE9" otype="Relation" vid_source="9A778237-33D8-74F7-D423-DA6432EADD00" vid_target="4FCD6A62-F3B3-5102-2845-626F62490BDC">
<hideElementsInCurrentOnly>false</hideElementsInCurrentOnly>
<backgroundColor>-16777216</backgroundColor>
<lineWidth>1</lineWidth>
<points>
<point x="914" y="637"/>
<point x="722" y="433"/>
</points>
</Connector>
<Connector class="oracle.dbtools.crest.swingui.logical.TVRelation" oid="FC12DC56-B9B5-FB30-9C30-16A243EEAD45" otype="Relation" vid_source="9A778237-33D8-74F7-D423-DA6432EADD00" vid_target="40FB5359-D0CE-4CCC-9D01-6594505D8BBF">
<hideElementsInCurrentOnly>false</hideElementsInCurrentOnly>
<backgroundColor>-16777216</backgroundColor>
<lineWidth>1</lineWidth>
<points>
<point x="895" y="736"/>
<point x="220" y="736"/>
</points>
</Connector>
</connectors>
</Diagram>