<?xml version = '1.0' encoding = 'UTF-8'?>
<Entity class="oracle.dbtools.crest.model.design.logical.Entity" directorySegmentName="seg_0" id="29CC4A6D-6B09-EB68-AD88-97A89F923DA4" name="ALUMNO">
<createdBy>quick</createdBy>
<createdTime>2021-03-18 13:11:50 UTC</createdTime>
<ownerDesignName>abd trabajo</ownerDesignName>
<engineerTo>
<item key="D988C372-5B9D-D014-1665-3175EC99EB4B" value="true"/>
<item key="FC5F62AB-80B6-CCE2-3E46-00C28135B18E" value="true"/>
</engineerTo>
<adequatelyNormalized>NO</adequatelyNormalized>
<expectedVolumes>0</expectedVolumes>
<fwdEngineeringStrategyName>Single Table</fwdEngineeringStrategyName>
<growthPercent>0</growthPercent>
<growthType>Year</growthType>
<maxVolumes>9999999</maxVolumes>
<minVolumes>0</minVolumes>
<normalForm>Third</normalForm>
<attributes itemClass="oracle.dbtools.crest.model.design.logical.Attribute">
<Attribute name="ID" id="904AAF2C-99FC-0D3D-0F44-0A20FB495830">
<createdBy>quick</createdBy>
<createdTime>2021-03-18 13:11:57 UTC</createdTime>
<ownerDesignName>abd trabajo</ownerDesignName>
<engineerTo>
<item key="D988C372-5B9D-D014-1665-3175EC99EB4B" value="true"/>
<item key="FC5F62AB-80B6-CCE2-3E46-00C28135B18E" value="true"/>
</engineerTo>
<useDomainConstraints>false</useDomainConstraints>
<use>1</use>
<logicalDatatype>LOGDT011</logicalDatatype>
<ownDataTypeParameters>,,</ownDataTypeParameters>
</Attribute>
<Attribute name="DNI" id="EB6CA9D1-CE0B-D8EB-20AB-014B538C72D0">
<createdBy>quick</createdBy>
<createdTime>2021-03-18 13:12:00 UTC</createdTime>
<ownerDesignName>abd trabajo</ownerDesignName>
<engineerTo>
<item key="D988C372-5B9D-D014-1665-3175EC99EB4B" value="true"/>
<item key="FC5F62AB-80B6-CCE2-3E46-00C28135B18E" value="true"/>
</engineerTo>
<useDomainConstraints>false</useDomainConstraints>
<use>1</use>
<logicalDatatype>LOGDT024</logicalDatatype>
<ownDataTypeParameters>,,</ownDataTypeParameters>
</Attribute>
<Attribute name="Nombre_completo" id="E50F36F6-4853-3394-E8A0-A87BD8EB7E36">
<createdBy>quick</createdBy>
<createdTime>2021-03-18 13:12:03 UTC</createdTime>
<ownerDesignName>abd trabajo</ownerDesignName>
<engineerTo>
<item key="D988C372-5B9D-D014-1665-3175EC99EB4B" value="true"/>
<item key="FC5F62AB-80B6-CCE2-3E46-00C28135B18E" value="true"/>
</engineerTo>
<useDomainConstraints>false</useDomainConstraints>
<use>1</use>
<logicalDatatype>LOGDT024</logicalDatatype>
<ownDataTypeParameters>,,</ownDataTypeParameters>
</Attribute>
<Attribute name="Email_Institucional" id="2ABB9467-52E9-C6E1-B5C7-AC5ABC60611E">
<createdBy>quick</createdBy>
<createdTime>2021-03-18 13:12:12 UTC</createdTime>
<ownerDesignName>abd trabajo</ownerDesignName>
<engineerTo>
<item key="D988C372-5B9D-D014-1665-3175EC99EB4B" value="true"/>
<item key="FC5F62AB-80B6-CCE2-3E46-00C28135B18E" value="true"/>
</engineerTo>
<useDomainConstraints>false</useDomainConstraints>
<use>1</use>
<logicalDatatype>LOGDT024</logicalDatatype>
<ownDataTypeParameters>,,</ownDataTypeParameters>
</Attribute>
<Attribute name="Email_Personal" id="2D92414F-2C2C-DC01-0B5B-575FF3D5A263">
<createdBy>quick</createdBy>
<createdTime>2021-03-18 13:12:18 UTC</createdTime>
<ownerDesignName>abd trabajo</ownerDesignName>
<engineerTo>
<item key="D988C372-5B9D-D014-1665-3175EC99EB4B" value="true"/>
<item key="FC5F62AB-80B6-CCE2-3E46-00C28135B18E" value="true"/>
</engineerTo>
<nullsAllowed>true</nullsAllowed>
<useDomainConstraints>false</useDomainConstraints>
<use>1</use>
<logicalDatatype>LOGDT024</logicalDatatype>
<ownDataTypeParameters>,,</ownDataTypeParameters>
</Attribute>
<Attribute name="Telefono" id="1B33E9C5-5407-DF6A-1309-886B707ACA2A">
<createdBy>quick</createdBy>
<createdTime>2021-03-18 13:12:26 UTC</createdTime>
<ownerDesignName>abd trabajo</ownerDesignName>
<engineerTo>
<item key="D988C372-5B9D-D014-1665-3175EC99EB4B" value="true"/>
<item key="FC5F62AB-80B6-CCE2-3E46-00C28135B18E" value="true"/>
</engineerTo>
<nullsAllowed>true</nullsAllowed>
<useDomainConstraints>false</useDomainConstraints>
<use>1</use>
<logicalDatatype>LOGDT011</logicalDatatype>
<ownDataTypeParameters>,,</ownDataTypeParameters>
</Attribute>
<Attribute name="Movil" id="6C24A95E-1E64-A622-C6B3-A81CABBED446">
<createdBy>quick</createdBy>
<createdTime>2021-03-18 13:12:31 UTC</createdTime>
<ownerDesignName>abd trabajo</ownerDesignName>
<engineerTo>
<item key="D988C372-5B9D-D014-1665-3175EC99EB4B" value="true"/>
<item key="FC5F62AB-80B6-CCE2-3E46-00C28135B18E" value="true"/>
</engineerTo>
<nullsAllowed>true</nullsAllowed>
<useDomainConstraints>false</useDomainConstraints>
<use>1</use>
<logicalDatatype>LOGDT011</logicalDatatype>
<ownDataTypeParameters>,,</ownDataTypeParameters>
</Attribute>
<Attribute name="Direccion" id="EA358C2E-0BF3-71E8-CAF0-5F18B0B4DA6B">
<createdBy>quick</createdBy>
<createdTime>2021-03-26 17:35:50 UTC</createdTime>
<ownerDesignName>abd trabajo</ownerDesignName>
<engineerTo>
<item key="D988C372-5B9D-D014-1665-3175EC99EB4B" value="true"/>
<item key="FC5F62AB-80B6-CCE2-3E46-00C28135B18E" value="true"/>
</engineerTo>
<nullsAllowed>true</nullsAllowed>
<useDomainConstraints>false</useDomainConstraints>
<use>1</use>
<logicalDatatype>LOGDT024</logicalDatatype>
<ownDataTypeParameters>,,</ownDataTypeParameters>
</Attribute>
<Attribute name="Localidad" id="DF9A5A05-1F7F-A557-1031-4E04228DEBFA">
<createdBy>quick</createdBy>
<createdTime>2021-03-26 17:36:37 UTC</createdTime>
<ownerDesignName>abd trabajo</ownerDesignName>
<engineerTo>
<item key="D988C372-5B9D-D014-1665-3175EC99EB4B" value="true"/>
<item key="FC5F62AB-80B6-CCE2-3E46-00C28135B18E" value="true"/>
</engineerTo>
<nullsAllowed>true</nullsAllowed>
<useDomainConstraints>false</useDomainConstraints>
<use>1</use>
<logicalDatatype>LOGDT024</logicalDatatype>
<ownDataTypeParameters>,,</ownDataTypeParameters>
</Attribute>
<Attribute name="Provincia" id="C14261F9-5F63-7245-EA6E-EF6171E68E89">
<createdBy>quick</createdBy>
<createdTime>2021-03-26 17:36:46 UTC</createdTime>
<ownerDesignName>abd trabajo</ownerDesignName>
<engineerTo>
<item key="D988C372-5B9D-D014-1665-3175EC99EB4B" value="true"/>
<item key="FC5F62AB-80B6-CCE2-3E46-00C28135B18E" value="true"/>
</engineerTo>
<nullsAllowed>true</nullsAllowed>
<useDomainConstraints>false</useDomainConstraints>
<use>1</use>
<logicalDatatype>LOGDT024</logicalDatatype>
<ownDataTypeParameters>,,</ownDataTypeParameters>
</Attribute>
<Attribute name="CodigoPostal" id="4221777E-5B71-7CA8-0E8F-A315E62AD64B">
<createdBy>quick</createdBy>
<createdTime>2021-03-26 17:36:51 UTC</createdTime>
<ownerDesignName>abd trabajo</ownerDesignName>
<engineerTo>
<item key="D988C372-5B9D-D014-1665-3175EC99EB4B" value="true"/>
<item key="FC5F62AB-80B6-CCE2-3E46-00C28135B18E" value="true"/>
</engineerTo>
<nullsAllowed>true</nullsAllowed>
<useDomainConstraints>false</useDomainConstraints>
<use>1</use>
<logicalDatatype>LOGDT011</logicalDatatype>
<ownDataTypeParameters>,,</ownDataTypeParameters>
</Attribute>
<Attribute name="AlumnoMovilidad" id="FC053A78-F96D-EE14-9DCF-BB0C8E7F498A">
<createdBy>quick</createdBy>
<createdTime>2021-03-26 17:55:36 UTC</createdTime>
<ownerDesignName>abd trabajo</ownerDesignName>
<engineerTo>
<item key="D988C372-5B9D-D014-1665-3175EC99EB4B" value="true"/>
<item key="FC5F62AB-80B6-CCE2-3E46-00C28135B18E" value="true"/>
</engineerTo>
<nullsAllowed>true</nullsAllowed>
<useDomainConstraints>false</useDomainConstraints>
<use>1</use>
<logicalDatatype>LOGDT006</logicalDatatype>
<dataTypeSize>2</dataTypeSize>
<ownDataTypeParameters>2,,</ownDataTypeParameters>
</Attribute>
</attributes>
<identifiers itemClass="oracle.dbtools.crest.model.design.logical.CandidateKey">
<identifier id="E7053D2C-A414-392B-90F1-7ABCDDC26AAF" name="ALUMNO PK">
<createdBy>quick</createdBy>
<createdTime>2021-03-18 13:19:15 UTC</createdTime>
<ownerDesignName>abd trabajo</ownerDesignName>
<engineerTo>
<item key="D988C372-5B9D-D014-1665-3175EC99EB4B" value="true"/>
<item key="FC5F62AB-80B6-CCE2-3E46-00C28135B18E" value="true"/>
</engineerTo>
<pk>true</pk>
<usedAttributes>
<attributeRef>904AAF2C-99FC-0D3D-0F44-0A20FB495830</attributeRef>
</usedAttributes>
</identifier>
<identifier id="FB82CB06-1903-40C8-2F37-7EED128BC2F1" name="Key_2">
<createdBy>quick</createdBy>
<createdTime>2021-03-18 13:19:34 UTC</createdTime>
<ownerDesignName>abd trabajo</ownerDesignName>
<engineerTo>
<item key="D988C372-5B9D-D014-1665-3175EC99EB4B" value="true"/>
<item key="FC5F62AB-80B6-CCE2-3E46-00C28135B18E" value="true"/>
</engineerTo>
<newElementsIDs>EB6CA9D1-CE0B-D8EB-20AB-014B538C72D0</newElementsIDs>
<usedAttributes>
<attributeRef>EB6CA9D1-CE0B-D8EB-20AB-014B538C72D0</attributeRef>
</usedAttributes>
</identifier>
</identifiers>
</Entity>