<?xml version = '1.0' encoding = 'UTF-8'?>
<Entity class="oracle.dbtools.crest.model.design.logical.Entity" directorySegmentName="seg_0" id="767DAAD6-9548-217C-B82A-01ED9667331B" name="ENCUESTA">
<createdBy>quick</createdBy>
<createdTime>2021-03-18 13:06:28 UTC</createdTime>
<ownerDesignName>abd trabajo</ownerDesignName>
<engineerTo>
<item key="D988C372-5B9D-D014-1665-3175EC99EB4B" value="true"/>
<item key="FC5F62AB-80B6-CCE2-3E46-00C28135B18E" value="true"/>
</engineerTo>
<adequatelyNormalized>NO</adequatelyNormalized>
<expectedVolumes>0</expectedVolumes>
<fwdEngineeringStrategyName>Single Table</fwdEngineeringStrategyName>
<growthPercent>0</growthPercent>
<growthType>Year</growthType>
<maxVolumes>9999999</maxVolumes>
<minVolumes>0</minVolumes>
<normalForm>Third</normalForm>
<attributes itemClass="oracle.dbtools.crest.model.design.logical.Attribute">
<Attribute name="Fecha_de_envio" id="50575185-52FD-59F3-CC3C-8C9E5D5B9381">
<createdBy>quick</createdBy>
<createdTime>2021-03-18 13:06:35 UTC</createdTime>
<ownerDesignName>abd trabajo</ownerDesignName>
<engineerTo>
<item key="D988C372-5B9D-D014-1665-3175EC99EB4B" value="true"/>
<item key="FC5F62AB-80B6-CCE2-3E46-00C28135B18E" value="true"/>
</engineerTo>
<useDomainConstraints>false</useDomainConstraints>
<use>1</use>
<logicalDatatype>LOGDT007</logicalDatatype>
<ownDataTypeParameters>,,</ownDataTypeParameters>
</Attribute>
<Attribute name="Num_Expediente" id="650B728C-56B0-E791-87DA-1CF734BC4187">
<createdBy>quick</createdBy>
<createdTime>2021-03-18 13:25:26 UTC</createdTime>
<generatorID>1AD6D7EC-1195-5585-4D1B-2AF99408FA81</generatorID>
<ownerDesignName>abd trabajo</ownerDesignName>
<engineerTo>
<item key="D988C372-5B9D-D014-1665-3175EC99EB4B" value="true"/>
<item key="FC5F62AB-80B6-CCE2-3E46-00C28135B18E" value="true"/>
</engineerTo>
<referedAttribute>9AD57140-E294-6F3C-76E6-437FCFFE7A9B</referedAttribute>
<useDomainConstraints>false</useDomainConstraints>
<use>1</use>
<logicalDatatype>LOGDT011</logicalDatatype>
<ownDataTypeParameters>,,</ownDataTypeParameters>
</Attribute>
</attributes>
<identifiers itemClass="oracle.dbtools.crest.model.design.logical.CandidateKey">
<identifier id="1AC437C6-553C-2D9F-F3E4-037C9E883D80" name="ENCUESTA PK">
<createdBy>quick</createdBy>
<createdTime>2021-03-18 13:16:16 UTC</createdTime>
<ownerDesignName>abd trabajo</ownerDesignName>
<engineerTo>
<item key="D988C372-5B9D-D014-1665-3175EC99EB4B" value="true"/>
<item key="FC5F62AB-80B6-CCE2-3E46-00C28135B18E" value="true"/>
</engineerTo>
<pk>true</pk>
<usedAttributes>
<attributeRef>50575185-52FD-59F3-CC3C-8C9E5D5B9381</attributeRef>
</usedAttributes>
</identifier>
</identifiers>
</Entity>