<?xml version = '1.0' encoding = 'UTF-8'?>
<Entity class="oracle.dbtools.crest.model.design.logical.Entity" directorySegmentName="seg_0" id="93686239-E7E1-9562-C564-33166119995A" name="MATRICULA">
<createdBy>quick</createdBy>
<createdTime>2021-03-18 13:08:50 UTC</createdTime>
<ownerDesignName>abd trabajo</ownerDesignName>
<engineerTo>
<item key="D988C372-5B9D-D014-1665-3175EC99EB4B" value="true"/>
<item key="FC5F62AB-80B6-CCE2-3E46-00C28135B18E" value="true"/>
</engineerTo>
<adequatelyNormalized>NO</adequatelyNormalized>
<expectedVolumes>0</expectedVolumes>
<fwdEngineeringStrategyName>Single Table</fwdEngineeringStrategyName>
<growthPercent>0</growthPercent>
<growthType>Year</growthType>
<maxVolumes>9999999</maxVolumes>
<minVolumes>0</minVolumes>
<normalForm>Third</normalForm>
<attributes itemClass="oracle.dbtools.crest.model.design.logical.Attribute">
<Attribute name="Curso_academico" id="E477638C-756A-54A3-015A-79A947DD403F">
<createdBy>quick</createdBy>
<createdTime>2021-03-18 13:08:58 UTC</createdTime>
<ownerDesignName>abd trabajo</ownerDesignName>
<engineerTo>
<item key="D988C372-5B9D-D014-1665-3175EC99EB4B" value="true"/>
<item key="FC5F62AB-80B6-CCE2-3E46-00C28135B18E" value="true"/>
</engineerTo>
<useDomainConstraints>false</useDomainConstraints>
<use>1</use>
<logicalDatatype>LOGDT024</logicalDatatype>
<ownDataTypeParameters>,,</ownDataTypeParameters>
</Attribute>
<Attribute name="Estado" id="81729DBD-424E-785E-A854-02AD1A8ACD1F">
<createdBy>quick</createdBy>
<createdTime>2021-03-18 13:09:10 UTC</createdTime>
<ownerDesignName>abd trabajo</ownerDesignName>
<engineerTo>
<item key="D988C372-5B9D-D014-1665-3175EC99EB4B" value="true"/>
<item key="FC5F62AB-80B6-CCE2-3E46-00C28135B18E" value="true"/>
</engineerTo>
<useDomainConstraints>false</useDomainConstraints>
<use>1</use>
<logicalDatatype>LOGDT024</logicalDatatype>
<ownDataTypeParameters>,,</ownDataTypeParameters>
</Attribute>
<Attribute name="Num_Archivo" id="7CA63AC6-21E4-A3AB-8C93-C0F92E8BE4F5">
<createdBy>quick</createdBy>
<createdTime>2021-03-18 13:09:14 UTC</createdTime>
<ownerDesignName>abd trabajo</ownerDesignName>
<engineerTo>
<item key="D988C372-5B9D-D014-1665-3175EC99EB4B" value="true"/>
<item key="FC5F62AB-80B6-CCE2-3E46-00C28135B18E" value="true"/>
</engineerTo>
<nullsAllowed>true</nullsAllowed>
<useDomainConstraints>false</useDomainConstraints>
<use>1</use>
<logicalDatatype>LOGDT011</logicalDatatype>
<ownDataTypeParameters>,,</ownDataTypeParameters>
</Attribute>
<Attribute name="Turno_Preferente" id="06595FE3-889B-BD07-B962-FE5B28953FE0">
<createdBy>quick</createdBy>
<createdTime>2021-03-18 13:09:22 UTC</createdTime>
<ownerDesignName>abd trabajo</ownerDesignName>
<engineerTo>
<item key="D988C372-5B9D-D014-1665-3175EC99EB4B" value="true"/>
<item key="FC5F62AB-80B6-CCE2-3E46-00C28135B18E" value="true"/>
</engineerTo>
<nullsAllowed>true</nullsAllowed>
<useDomainConstraints>false</useDomainConstraints>
<use>1</use>
<logicalDatatype>LOGDT024</logicalDatatype>
<ownDataTypeParameters>,,</ownDataTypeParameters>
</Attribute>
<Attribute name="Fecha_de_matricula" id="D6762161-4046-9768-47F3-B6E1FEB946B1">
<createdBy>quick</createdBy>
<createdTime>2021-03-18 13:09:32 UTC</createdTime>
<ownerDesignName>abd trabajo</ownerDesignName>
<engineerTo>
<item key="D988C372-5B9D-D014-1665-3175EC99EB4B" value="true"/>
<item key="FC5F62AB-80B6-CCE2-3E46-00C28135B18E" value="true"/>
</engineerTo>
<useDomainConstraints>false</useDomainConstraints>
<use>1</use>
<logicalDatatype>LOGDT007</logicalDatatype>
<ownDataTypeParameters>,,</ownDataTypeParameters>
</Attribute>
<Attribute name="Nuevo_Ingreso" id="F9F956D2-5D15-AE64-B5A6-607D857B1483">
<createdBy>quick</createdBy>
<createdTime>2021-03-18 13:09:47 UTC</createdTime>
<ownerDesignName>abd trabajo</ownerDesignName>
<engineerTo>
<item key="D988C372-5B9D-D014-1665-3175EC99EB4B" value="true"/>
<item key="FC5F62AB-80B6-CCE2-3E46-00C28135B18E" value="true"/>
</engineerTo>
<nullsAllowed>true</nullsAllowed>
<useDomainConstraints>false</useDomainConstraints>
<use>1</use>
<logicalDatatype>LOGDT006</logicalDatatype>
<dataTypeSize>2</dataTypeSize>
<ownDataTypeParameters>2,,</ownDataTypeParameters>
</Attribute>
<Attribute name="Listado_Asignaturas" id="B9C43C06-A1E1-23BF-149C-566EA1815EC7">
<createdBy>quick</createdBy>
<createdTime>2021-03-18 13:09:53 UTC</createdTime>
<ownerDesignName>abd trabajo</ownerDesignName>
<engineerTo>
<item key="D988C372-5B9D-D014-1665-3175EC99EB4B" value="true"/>
<item key="FC5F62AB-80B6-CCE2-3E46-00C28135B18E" value="true"/>
</engineerTo>
<nullsAllowed>true</nullsAllowed>
<useDomainConstraints>false</useDomainConstraints>
<use>1</use>
<logicalDatatype>LOGDT024</logicalDatatype>
<ownDataTypeParameters>,,</ownDataTypeParameters>
</Attribute>
<Attribute name="Num_Expediente" id="43B15AF8-A297-2104-BFFF-9404198BE381">
<createdBy>quick</createdBy>
<createdTime>2021-03-20 11:20:43 UTC</createdTime>
<generatorID>023D1054-51C2-67F4-CD43-FB92FFC81CA8</generatorID>
<ownerDesignName>abd trabajo</ownerDesignName>
<engineerTo>
<item key="D988C372-5B9D-D014-1665-3175EC99EB4B" value="true"/>
<item key="FC5F62AB-80B6-CCE2-3E46-00C28135B18E" value="true"/>
</engineerTo>
<referedAttribute>9AD57140-E294-6F3C-76E6-437FCFFE7A9B</referedAttribute>
<useDomainConstraints>false</useDomainConstraints>
<use>1</use>
<logicalDatatype>LOGDT011</logicalDatatype>
<ownDataTypeParameters>,,</ownDataTypeParameters>
</Attribute>
</attributes>
<identifiers itemClass="oracle.dbtools.crest.model.design.logical.CandidateKey">
<identifier id="3068C6BB-3E35-8D28-880E-8BEEF7D935B7" name="MATRICULA PK">
<createdBy>quick</createdBy>
<createdTime>2021-03-18 13:17:12 UTC</createdTime>
<ownerDesignName>abd trabajo</ownerDesignName>
<engineerTo>
<item key="D988C372-5B9D-D014-1665-3175EC99EB4B" value="true"/>
<item key="FC5F62AB-80B6-CCE2-3E46-00C28135B18E" value="true"/>
</engineerTo>
<pk>true</pk>
<usedAttributes>
<attributeRef>E477638C-756A-54A3-015A-79A947DD403F</attributeRef>
<attributeRef>43B15AF8-A297-2104-BFFF-9404198BE381</attributeRef>
</usedAttributes>
</identifier>
</identifiers>
</Entity>