<?xml version = '1.0' encoding = 'UTF-8'?>
<Entity class="oracle.dbtools.crest.model.design.logical.Entity" directorySegmentName="seg_0" id="98E5FC54-354D-3A64-52FD-E08659C2C39B" name="CENTRO">
<createdBy>quick</createdBy>
<createdTime>2021-03-18 13:12:41 UTC</createdTime>
<ownerDesignName>abd trabajo</ownerDesignName>
<engineerTo>
<item key="D988C372-5B9D-D014-1665-3175EC99EB4B" value="true"/>
</engineerTo>
<adequatelyNormalized>NO</adequatelyNormalized>
<expectedVolumes>0</expectedVolumes>
<fwdEngineeringStrategyName>Single Table</fwdEngineeringStrategyName>
<growthPercent>0</growthPercent>
<growthType>Year</growthType>
<maxVolumes>9999999</maxVolumes>
<minVolumes>0</minVolumes>
<normalForm>Third</normalForm>
<attributes itemClass="oracle.dbtools.crest.model.design.logical.Attribute">
<Attribute name="ID" id="87A0CCD6-1DD5-2943-197A-1B782E357CBD">
<createdBy>quick</createdBy>
<createdTime>2021-03-18 13:12:46 UTC</createdTime>
<ownerDesignName>abd trabajo</ownerDesignName>
<engineerTo>
<item key="D988C372-5B9D-D014-1665-3175EC99EB4B" value="true"/>
</engineerTo>
<useDomainConstraints>false</useDomainConstraints>
<use>1</use>
<logicalDatatype>LOGDT011</logicalDatatype>
<ownDataTypeParameters>,,</ownDataTypeParameters>
</Attribute>
<Attribute name="Nombre" id="C97FF1EC-FD27-846C-B231-CAF913837271">
<createdBy>quick</createdBy>
<createdTime>2021-03-18 13:12:51 UTC</createdTime>
<ownerDesignName>abd trabajo</ownerDesignName>
<engineerTo>
<item key="D988C372-5B9D-D014-1665-3175EC99EB4B" value="true"/>
</engineerTo>
<useDomainConstraints>false</useDomainConstraints>
<use>1</use>
<logicalDatatype>LOGDT024</logicalDatatype>
<ownDataTypeParameters>,,</ownDataTypeParameters>
</Attribute>
<Attribute name="Direccion" id="7A859A01-8FB3-861E-AA8D-440099A1854E">
<createdBy>quick</createdBy>
<createdTime>2021-03-18 13:12:56 UTC</createdTime>
<ownerDesignName>abd trabajo</ownerDesignName>
<engineerTo>
<item key="D988C372-5B9D-D014-1665-3175EC99EB4B" value="true"/>
</engineerTo>
<useDomainConstraints>false</useDomainConstraints>
<use>1</use>
<logicalDatatype>LOGDT024</logicalDatatype>
<ownDataTypeParameters>,,</ownDataTypeParameters>
</Attribute>
<Attribute name="TLF_Conserjeria" id="5819A965-0D21-6F6F-A2C9-8EE4A77A3137">
<createdBy>quick</createdBy>
<createdTime>2021-03-18 13:13:02 UTC</createdTime>
<ownerDesignName>abd trabajo</ownerDesignName>
<engineerTo>
<item key="D988C372-5B9D-D014-1665-3175EC99EB4B" value="true"/>
</engineerTo>
<nullsAllowed>true</nullsAllowed>
<useDomainConstraints>false</useDomainConstraints>
<use>1</use>
<logicalDatatype>LOGDT011</logicalDatatype>
<ownDataTypeParameters>,,</ownDataTypeParameters>
</Attribute>
</attributes>
<identifiers itemClass="oracle.dbtools.crest.model.design.logical.CandidateKey">
<identifier id="58ADDA06-18AA-9E8A-3CEE-44D2C22FEBC2" name="CENTRO PK">
<createdBy>quick</createdBy>
<createdTime>2021-03-18 13:17:58 UTC</createdTime>
<ownerDesignName>abd trabajo</ownerDesignName>
<engineerTo>
<item key="D988C372-5B9D-D014-1665-3175EC99EB4B" value="true"/>
</engineerTo>
<pk>true</pk>
<usedAttributes>
<attributeRef>87A0CCD6-1DD5-2943-197A-1B782E357CBD</attributeRef>
</usedAttributes>
</identifier>
<identifier id="77D46668-3F50-7ACF-92B9-84E646B41001" name="Nombre">
<createdBy>quick</createdBy>
<createdTime>2021-03-18 13:18:32 UTC</createdTime>
<ownerDesignName>abd trabajo</ownerDesignName>
<engineerTo>
<item key="D988C372-5B9D-D014-1665-3175EC99EB4B" value="true"/>
</engineerTo>
<newElementsIDs>C97FF1EC-FD27-846C-B231-CAF913837271</newElementsIDs>
<usedAttributes>
<attributeRef>C97FF1EC-FD27-846C-B231-CAF913837271</attributeRef>
</usedAttributes>
</identifier>
</identifiers>
</Entity>