<?xml version = '1.0' encoding = 'UTF-8'?>
<Entity class="oracle.dbtools.crest.model.design.logical.Entity" directorySegmentName="seg_0" id="A220533B-76A4-18F2-C928-B3870749DE82" name="EXPEDIENTES">
<createdBy>quick</createdBy>
<createdTime>2021-03-18 13:05:51 UTC</createdTime>
<ownerDesignName>abd trabajo</ownerDesignName>
<engineerTo>
<item key="D988C372-5B9D-D014-1665-3175EC99EB4B" value="true"/>
<item key="FC5F62AB-80B6-CCE2-3E46-00C28135B18E" value="true"/>
</engineerTo>
<adequatelyNormalized>NO</adequatelyNormalized>
<expectedVolumes>0</expectedVolumes>
<fwdEngineeringStrategyName>Single Table</fwdEngineeringStrategyName>
<growthPercent>0</growthPercent>
<growthType>Year</growthType>
<maxVolumes>9999999</maxVolumes>
<minVolumes>0</minVolumes>
<normalForm>Third</normalForm>
<attributes itemClass="oracle.dbtools.crest.model.design.logical.Attribute">
<Attribute name="Num_Expediente" id="9AD57140-E294-6F3C-76E6-437FCFFE7A9B">
<createdBy>quick</createdBy>
<createdTime>2021-03-18 13:06:01 UTC</createdTime>
<ownerDesignName>abd trabajo</ownerDesignName>
<engineerTo>
<item key="D988C372-5B9D-D014-1665-3175EC99EB4B" value="true"/>
<item key="FC5F62AB-80B6-CCE2-3E46-00C28135B18E" value="true"/>
</engineerTo>
<useDomainConstraints>false</useDomainConstraints>
<use>1</use>
<logicalDatatype>LOGDT011</logicalDatatype>
<ownDataTypeParameters>,,</ownDataTypeParameters>
</Attribute>
<Attribute name="Activo" id="4244CEB0-C916-4233-DCDE-9A0F3465C477">
<createdBy>quick</createdBy>
<createdTime>2021-03-18 13:06:09 UTC</createdTime>
<ownerDesignName>abd trabajo</ownerDesignName>
<engineerTo>
<item key="D988C372-5B9D-D014-1665-3175EC99EB4B" value="true"/>
<item key="FC5F62AB-80B6-CCE2-3E46-00C28135B18E" value="true"/>
</engineerTo>
<nullsAllowed>true</nullsAllowed>
<useDomainConstraints>false</useDomainConstraints>
<use>1</use>
<logicalDatatype>LOGDT006</logicalDatatype>
<dataTypeSize>2</dataTypeSize>
<ownDataTypeParameters>2,,</ownDataTypeParameters>
</Attribute>
<Attribute name="Nota_Media_Provisional" id="A4D2DAC5-08FD-579A-2E1A-B4D7ACC300B1">
<createdBy>quick</createdBy>
<createdTime>2021-03-18 13:06:14 UTC</createdTime>
<ownerDesignName>abd trabajo</ownerDesignName>
<engineerTo>
<item key="D988C372-5B9D-D014-1665-3175EC99EB4B" value="true"/>
<item key="FC5F62AB-80B6-CCE2-3E46-00C28135B18E" value="true"/>
</engineerTo>
<nullsAllowed>true</nullsAllowed>
<useDomainConstraints>false</useDomainConstraints>
<use>1</use>
<logicalDatatype>LOGDT020</logicalDatatype>
<ownDataTypeParameters>,,</ownDataTypeParameters>
</Attribute>
<Attribute name="CodigoTitulacion" id="24806A72-72CE-F1EF-6C2F-6312DB192854">
<createdBy>quick</createdBy>
<createdTime>2021-03-18 13:24:38 UTC</createdTime>
<generatorID>32D986A9-3945-1669-9997-BE71B42F2979</generatorID>
<ownerDesignName>abd trabajo</ownerDesignName>
<engineerTo>
<item key="D988C372-5B9D-D014-1665-3175EC99EB4B" value="true"/>
<item key="FC5F62AB-80B6-CCE2-3E46-00C28135B18E" value="true"/>
</engineerTo>
<referedAttribute>419A755A-A60F-D333-017F-A2DD8619A0AC</referedAttribute>
<useDomainConstraints>false</useDomainConstraints>
<use>1</use>
<logicalDatatype>LOGDT011</logicalDatatype>
<ownDataTypeParameters>,,</ownDataTypeParameters>
</Attribute>
<Attribute name="ID" id="6892EB35-AD45-6AE1-6C85-97998E153789">
<createdBy>quick</createdBy>
<createdTime>2021-03-18 13:24:58 UTC</createdTime>
<generatorID>8230FB14-BD9C-C629-B89E-5B7D4D202009</generatorID>
<ownerDesignName>abd trabajo</ownerDesignName>
<engineerTo>
<item key="D988C372-5B9D-D014-1665-3175EC99EB4B" value="true"/>
<item key="FC5F62AB-80B6-CCE2-3E46-00C28135B18E" value="true"/>
</engineerTo>
<referedAttribute>904AAF2C-99FC-0D3D-0F44-0A20FB495830</referedAttribute>
<useDomainConstraints>false</useDomainConstraints>
<use>1</use>
<logicalDatatype>LOGDT011</logicalDatatype>
<ownDataTypeParameters>,,</ownDataTypeParameters>
</Attribute>
<Attribute name="Creditos_superados" id="B954A7AD-65DF-F8EF-B88B-AB872CF9DAE6">
<createdBy>quick</createdBy>
<createdTime>2021-03-26 17:51:36 UTC</createdTime>
<ownerDesignName>abd trabajo</ownerDesignName>
<engineerTo>
<item key="D988C372-5B9D-D014-1665-3175EC99EB4B" value="true"/>
<item key="FC5F62AB-80B6-CCE2-3E46-00C28135B18E" value="true"/>
</engineerTo>
<nullsAllowed>true</nullsAllowed>
<useDomainConstraints>false</useDomainConstraints>
<use>1</use>
<logicalDatatype>LOGDT011</logicalDatatype>
<ownDataTypeParameters>,,</ownDataTypeParameters>
</Attribute>
<Attribute name="Creditos_FB" id="5D0F0919-944F-FD96-B983-F24DC6025146">
<createdBy>quick</createdBy>
<createdTime>2021-03-26 17:51:45 UTC</createdTime>
<ownerDesignName>abd trabajo</ownerDesignName>
<engineerTo>
<item key="D988C372-5B9D-D014-1665-3175EC99EB4B" value="true"/>
<item key="FC5F62AB-80B6-CCE2-3E46-00C28135B18E" value="true"/>
</engineerTo>
<nullsAllowed>true</nullsAllowed>
<useDomainConstraints>false</useDomainConstraints>
<use>1</use>
<logicalDatatype>LOGDT011</logicalDatatype>
<ownDataTypeParameters>,,</ownDataTypeParameters>
</Attribute>
<Attribute name="Creditos_OB" id="09704FF4-3F9D-3913-0FDD-CBA0A11F3033">
<createdBy>quick</createdBy>
<createdTime>2021-03-26 17:51:56 UTC</createdTime>
<ownerDesignName>abd trabajo</ownerDesignName>
<engineerTo>
<item key="D988C372-5B9D-D014-1665-3175EC99EB4B" value="true"/>
<item key="FC5F62AB-80B6-CCE2-3E46-00C28135B18E" value="true"/>
</engineerTo>
<nullsAllowed>true</nullsAllowed>
<useDomainConstraints>false</useDomainConstraints>
<use>1</use>
<logicalDatatype>LOGDT011</logicalDatatype>
<ownDataTypeParameters>,,</ownDataTypeParameters>
</Attribute>
<Attribute name="Creditos_OP" id="24D45D78-2D78-70E2-1754-6B24DDB19C77">
<createdBy>quick</createdBy>
<createdTime>2021-03-26 17:52:02 UTC</createdTime>
<ownerDesignName>abd trabajo</ownerDesignName>
<engineerTo>
<item key="D988C372-5B9D-D014-1665-3175EC99EB4B" value="true"/>
<item key="FC5F62AB-80B6-CCE2-3E46-00C28135B18E" value="true"/>
</engineerTo>
<nullsAllowed>true</nullsAllowed>
<useDomainConstraints>false</useDomainConstraints>
<use>1</use>
<logicalDatatype>LOGDT011</logicalDatatype>
<ownDataTypeParameters>,,</ownDataTypeParameters>
</Attribute>
<Attribute name="Creditos_CF" id="C2BA5DB6-62BB-C7FE-3B4A-F2D776EE73D4">
<createdBy>quick</createdBy>
<createdTime>2021-03-26 17:52:08 UTC</createdTime>
<ownerDesignName>abd trabajo</ownerDesignName>
<engineerTo>
<item key="D988C372-5B9D-D014-1665-3175EC99EB4B" value="true"/>
<item key="FC5F62AB-80B6-CCE2-3E46-00C28135B18E" value="true"/>
</engineerTo>
<nullsAllowed>true</nullsAllowed>
<useDomainConstraints>false</useDomainConstraints>
<use>1</use>
<logicalDatatype>LOGDT011</logicalDatatype>
<ownDataTypeParameters>,,</ownDataTypeParameters>
</Attribute>
<Attribute name="Creditos_PE" id="EC9F610E-3CBA-01B6-9E3D-D91ED494E196">
<createdBy>quick</createdBy>
<createdTime>2021-03-26 17:52:13 UTC</createdTime>
<ownerDesignName>abd trabajo</ownerDesignName>
<engineerTo>
<item key="D988C372-5B9D-D014-1665-3175EC99EB4B" value="true"/>
<item key="FC5F62AB-80B6-CCE2-3E46-00C28135B18E" value="true"/>
</engineerTo>
<nullsAllowed>true</nullsAllowed>
<useDomainConstraints>false</useDomainConstraints>
<use>1</use>
<logicalDatatype>LOGDT011</logicalDatatype>
<ownDataTypeParameters>,,</ownDataTypeParameters>
</Attribute>
<Attribute name="Creditos_TF" id="6E74F0A4-7E9A-9B24-F9FB-6D3F73F34ED7">
<createdBy>quick</createdBy>
<createdTime>2021-03-26 17:52:19 UTC</createdTime>
<ownerDesignName>abd trabajo</ownerDesignName>
<engineerTo>
<item key="D988C372-5B9D-D014-1665-3175EC99EB4B" value="true"/>
<item key="FC5F62AB-80B6-CCE2-3E46-00C28135B18E" value="true"/>
</engineerTo>
<nullsAllowed>true</nullsAllowed>
<useDomainConstraints>false</useDomainConstraints>
<use>1</use>
<logicalDatatype>LOGDT011</logicalDatatype>
<ownDataTypeParameters>,,</ownDataTypeParameters>
</Attribute>
</attributes>
<identifiers itemClass="oracle.dbtools.crest.model.design.logical.CandidateKey">
<identifier id="B8A36E50-5CBD-95C4-EAD6-DB96D6FAB195" name="EXPEDIENTES PK">
<createdBy>quick</createdBy>
<createdTime>2021-03-18 13:16:20 UTC</createdTime>
<ownerDesignName>abd trabajo</ownerDesignName>
<engineerTo>
<item key="D988C372-5B9D-D014-1665-3175EC99EB4B" value="true"/>
<item key="FC5F62AB-80B6-CCE2-3E46-00C28135B18E" value="true"/>
</engineerTo>
<pk>true</pk>
<usedAttributes>
<attributeRef>9AD57140-E294-6F3C-76E6-437FCFFE7A9B</attributeRef>
</usedAttributes>
</identifier>
</identifiers>
</Entity>