<?xml version = '1.0' encoding = 'UTF-8'?>
<Entity class="oracle.dbtools.crest.model.design.logical.Entity" directorySegmentName="seg_0" id="A3B68145-4E75-17A1-B33F-8DEF25A1DD03" name="GRUPOS_POR_ASIGNATURA">
<createdBy>quick</createdBy>
<createdTime>2021-03-18 13:08:18 UTC</createdTime>
<ownerDesignName>abd trabajo</ownerDesignName>
<engineerTo>
<item key="D988C372-5B9D-D014-1665-3175EC99EB4B" value="true"/>
</engineerTo>
<adequatelyNormalized>NO</adequatelyNormalized>
<expectedVolumes>0</expectedVolumes>
<fwdEngineeringStrategyName>Single Table</fwdEngineeringStrategyName>
<growthPercent>0</growthPercent>
<growthType>Year</growthType>
<maxVolumes>9999999</maxVolumes>
<minVolumes>0</minVolumes>
<normalForm>Third</normalForm>
<attributes itemClass="oracle.dbtools.crest.model.design.logical.Attribute">
<Attribute name="Curso_Academico" id="8A89B5B8-76E2-B21E-1AE9-99207DE6A7FE">
<createdBy>quick</createdBy>
<createdTime>2021-03-18 13:08:31 UTC</createdTime>
<ownerDesignName>abd trabajo</ownerDesignName>
<engineerTo>
<item key="D988C372-5B9D-D014-1665-3175EC99EB4B" value="true"/>
</engineerTo>
<useDomainConstraints>false</useDomainConstraints>
<use>1</use>
<logicalDatatype>LOGDT024</logicalDatatype>
<ownDataTypeParameters>,,</ownDataTypeParameters>
</Attribute>
<Attribute name="Oferta" id="1C72E8ED-D90B-CD9D-5F05-909AF193618D">
<createdBy>quick</createdBy>
<createdTime>2021-03-18 13:08:41 UTC</createdTime>
<ownerDesignName>abd trabajo</ownerDesignName>
<engineerTo>
<item key="D988C372-5B9D-D014-1665-3175EC99EB4B" value="true"/>
</engineerTo>
<nullsAllowed>true</nullsAllowed>
<useDomainConstraints>false</useDomainConstraints>
<use>1</use>
<logicalDatatype>LOGDT006</logicalDatatype>
<dataTypeSize>2</dataTypeSize>
<ownDataTypeParameters>2,,</ownDataTypeParameters>
</Attribute>
<Attribute name="ID" id="7F6FC8BB-A20A-7A52-6D32-12F06CFED402">
<createdBy>quick</createdBy>
<createdTime>2021-03-20 11:20:11 UTC</createdTime>
<generatorID>BDA5CA4A-3FEF-FC0D-0494-1B10B4B28AE9</generatorID>
<ownerDesignName>abd trabajo</ownerDesignName>
<engineerTo>
<item key="D988C372-5B9D-D014-1665-3175EC99EB4B" value="true"/>
</engineerTo>
<referedAttribute>B322360B-D092-5010-0409-3D778F66756D</referedAttribute>
<useDomainConstraints>false</useDomainConstraints>
<use>1</use>
<logicalDatatype>LOGDT011</logicalDatatype>
<ownDataTypeParameters>,,</ownDataTypeParameters>
</Attribute>
<Attribute name="Referencia" id="C1BAD38B-B91F-58F9-F2DA-284C3A88DA7F">
<createdBy>quick</createdBy>
<createdTime>2021-03-20 11:20:36 UTC</createdTime>
<generatorID>33B6FD4F-D643-86F4-9FA7-4717C4684030</generatorID>
<ownerDesignName>abd trabajo</ownerDesignName>
<engineerTo>
<item key="D988C372-5B9D-D014-1665-3175EC99EB4B" value="true"/>
</engineerTo>
<referedAttribute>40918515-D883-9E06-6357-7F7FFF0EE0DB</referedAttribute>
<useDomainConstraints>false</useDomainConstraints>
<use>1</use>
<logicalDatatype>LOGDT011</logicalDatatype>
<ownDataTypeParameters>,,</ownDataTypeParameters>
</Attribute>
</attributes>
<identifiers itemClass="oracle.dbtools.crest.model.design.logical.CandidateKey">
<identifier id="18369C45-491B-58BC-62C9-E00C926E3F6C" name="GRUPOS_POR_ASIGNATURA PK">
<createdBy>quick</createdBy>
<createdTime>2021-03-18 13:16:45 UTC</createdTime>
<ownerDesignName>abd trabajo</ownerDesignName>
<engineerTo>
<item key="D988C372-5B9D-D014-1665-3175EC99EB4B" value="true"/>
</engineerTo>
<pk>true</pk>
<usedAttributes>
<attributeRef>8A89B5B8-76E2-B21E-1AE9-99207DE6A7FE</attributeRef>
<attributeRef>7F6FC8BB-A20A-7A52-6D32-12F06CFED402</attributeRef>
<attributeRef>C1BAD38B-B91F-58F9-F2DA-284C3A88DA7F</attributeRef>
</usedAttributes>
</identifier>
</identifiers>
</Entity>