<?xml version = '1.0' encoding = 'UTF-8'?>
<Entity class="oracle.dbtools.crest.model.design.logical.Entity" directorySegmentName="seg_0" id="D3641F71-9787-8910-A979-062D32B87D5C" name="CLASE">
<createdBy>quick</createdBy>
<createdTime>2021-03-18 13:07:23 UTC</createdTime>
<ownerDesignName>abd trabajo</ownerDesignName>
<engineerTo>
<item key="D988C372-5B9D-D014-1665-3175EC99EB4B" value="true"/>
<item key="FC5F62AB-80B6-CCE2-3E46-00C28135B18E" value="true"/>
</engineerTo>
<adequatelyNormalized>NO</adequatelyNormalized>
<expectedVolumes>0</expectedVolumes>
<fwdEngineeringStrategyName>Single Table</fwdEngineeringStrategyName>
<growthPercent>0</growthPercent>
<growthType>Year</growthType>
<maxVolumes>9999999</maxVolumes>
<minVolumes>0</minVolumes>
<normalForm>Third</normalForm>
<attributes itemClass="oracle.dbtools.crest.model.design.logical.Attribute">
<Attribute name="Dia" id="A04153BC-FBCF-A304-458E-25B88FF85A03">
<createdBy>quick</createdBy>
<createdTime>2021-03-18 13:07:29 UTC</createdTime>
<ownerDesignName>abd trabajo</ownerDesignName>
<engineerTo>
<item key="D988C372-5B9D-D014-1665-3175EC99EB4B" value="true"/>
<item key="FC5F62AB-80B6-CCE2-3E46-00C28135B18E" value="true"/>
</engineerTo>
<useDomainConstraints>false</useDomainConstraints>
<use>1</use>
<logicalDatatype>LOGDT007</logicalDatatype>
<ownDataTypeParameters>,,</ownDataTypeParameters>
</Attribute>
<Attribute name="horaInicio" id="FF35B2AE-C698-D551-FF71-0630F737C72A">
<createdBy>quick</createdBy>
<createdTime>2021-03-18 13:07:34 UTC</createdTime>
<ownerDesignName>abd trabajo</ownerDesignName>
<engineerTo>
<item key="D988C372-5B9D-D014-1665-3175EC99EB4B" value="true"/>
<item key="FC5F62AB-80B6-CCE2-3E46-00C28135B18E" value="true"/>
</engineerTo>
<useDomainConstraints>false</useDomainConstraints>
<use>1</use>
<logicalDatatype>LOGDT007</logicalDatatype>
<ownDataTypeParameters>,,</ownDataTypeParameters>
</Attribute>
<Attribute name="HoraFin" id="D67CCA2B-374D-2C0D-16B5-AB4D0AC11549">
<createdBy>quick</createdBy>
<createdTime>2021-03-18 13:07:40 UTC</createdTime>
<ownerDesignName>abd trabajo</ownerDesignName>
<engineerTo>
<item key="D988C372-5B9D-D014-1665-3175EC99EB4B" value="true"/>
<item key="FC5F62AB-80B6-CCE2-3E46-00C28135B18E" value="true"/>
</engineerTo>
<nullsAllowed>true</nullsAllowed>
<useDomainConstraints>false</useDomainConstraints>
<use>1</use>
<logicalDatatype>LOGDT007</logicalDatatype>
<ownDataTypeParameters>,,</ownDataTypeParameters>
</Attribute>
<Attribute name="Referencia" id="DC19BEF9-9ABB-F405-7B57-543980614D81">
<createdBy>quick</createdBy>
<createdTime>2021-03-18 13:23:48 UTC</createdTime>
<generatorID>2C862E38-7D65-7D59-3265-CCCDBD8148B6</generatorID>
<ownerDesignName>abd trabajo</ownerDesignName>
<engineerTo>
<item key="D988C372-5B9D-D014-1665-3175EC99EB4B" value="true"/>
<item key="FC5F62AB-80B6-CCE2-3E46-00C28135B18E" value="true"/>
</engineerTo>
<referedAttribute>40918515-D883-9E06-6357-7F7FFF0EE0DB</referedAttribute>
<useDomainConstraints>false</useDomainConstraints>
<use>1</use>
<logicalDatatype>LOGDT011</logicalDatatype>
<ownDataTypeParameters>,,</ownDataTypeParameters>
</Attribute>
<Attribute name="ID" id="B9179ADE-5E96-765E-6D97-229A583C5278">
<createdBy>quick</createdBy>
<createdTime>2021-03-20 11:19:50 UTC</createdTime>
<generatorID>FC12DC56-B9B5-FB30-9C30-16A243EEAD45</generatorID>
<ownerDesignName>abd trabajo</ownerDesignName>
<engineerTo>
<item key="D988C372-5B9D-D014-1665-3175EC99EB4B" value="true"/>
<item key="FC5F62AB-80B6-CCE2-3E46-00C28135B18E" value="true"/>
</engineerTo>
<referedAttribute>B322360B-D092-5010-0409-3D778F66756D</referedAttribute>
<useDomainConstraints>false</useDomainConstraints>
<use>1</use>
<logicalDatatype>LOGDT011</logicalDatatype>
<ownDataTypeParameters>,,</ownDataTypeParameters>
</Attribute>
</attributes>
<identifiers itemClass="oracle.dbtools.crest.model.design.logical.CandidateKey">
<identifier id="AAE0C6D0-DB40-2ED6-6B46-3B62EA07D2CB" name="CLASE PK">
<createdBy>quick</createdBy>
<createdTime>2021-03-18 13:15:34 UTC</createdTime>
<ownerDesignName>abd trabajo</ownerDesignName>
<engineerTo>
<item key="D988C372-5B9D-D014-1665-3175EC99EB4B" value="true"/>
<item key="FC5F62AB-80B6-CCE2-3E46-00C28135B18E" value="true"/>
</engineerTo>
<pk>true</pk>
<usedAttributes>
<attributeRef>A04153BC-FBCF-A304-458E-25B88FF85A03</attributeRef>
<attributeRef>FF35B2AE-C698-D551-FF71-0630F737C72A</attributeRef>
<attributeRef>B9179ADE-5E96-765E-6D97-229A583C5278</attributeRef>
</usedAttributes>
</identifier>
</identifiers>
</Entity>