<?xml version = '1.0' encoding = 'UTF-8'?>
<Entity class="oracle.dbtools.crest.model.design.logical.Entity" directorySegmentName="seg_0" id="D6AE5C44-55FB-C163-9BA3-909DE181F0B2" name="Asignaturas_Matricula">
<createdBy>quick</createdBy>
<createdTime>2021-03-20 11:23:33 UTC</createdTime>
<ownerDesignName>abd trabajo</ownerDesignName>
<engineerTo>
<item key="D988C372-5B9D-D014-1665-3175EC99EB4B" value="true"/>
</engineerTo>
<adequatelyNormalized>NO</adequatelyNormalized>
<expectedVolumes>0</expectedVolumes>
<fwdEngineeringStrategyName>Single Table</fwdEngineeringStrategyName>
<growthPercent>0</growthPercent>
<growthType>Year</growthType>
<maxVolumes>9999999</maxVolumes>
<minVolumes>0</minVolumes>
<normalForm>Third</normalForm>
<attributes itemClass="oracle.dbtools.crest.model.design.logical.Attribute">
<Attribute name="ID" id="9D59F7D3-F32C-F463-6ACD-492E8ED69E85">
<createdBy>quick</createdBy>
<createdTime>2021-03-20 11:24:12 UTC</createdTime>
<generatorID>550054E3-E7BF-789C-DF22-CC0ED7B21B13</generatorID>
<ownerDesignName>abd trabajo</ownerDesignName>
<engineerTo>
<item key="D988C372-5B9D-D014-1665-3175EC99EB4B" value="true"/>
</engineerTo>
<nullsAllowed>true</nullsAllowed>
<referedAttribute>B322360B-D092-5010-0409-3D778F66756D</referedAttribute>
<useDomainConstraints>false</useDomainConstraints>
<use>1</use>
<logicalDatatype>LOGDT011</logicalDatatype>
<ownDataTypeParameters>,,</ownDataTypeParameters>
</Attribute>
<Attribute name="Curso_academico" id="843899C0-A051-CDA3-235E-89717CD2B5B1">
<createdBy>quick</createdBy>
<createdTime>2021-03-20 11:24:29 UTC</createdTime>
<generatorID>48964263-B439-F5BF-5653-F43A4E6EAEE6</generatorID>
<ownerDesignName>abd trabajo</ownerDesignName>
<engineerTo>
<item key="D988C372-5B9D-D014-1665-3175EC99EB4B" value="true"/>
</engineerTo>
<referedAttribute>E477638C-756A-54A3-015A-79A947DD403F</referedAttribute>
<useDomainConstraints>false</useDomainConstraints>
<use>1</use>
<logicalDatatype>LOGDT024</logicalDatatype>
<ownDataTypeParameters>,,</ownDataTypeParameters>
</Attribute>
<Attribute name="Num_Expediente" id="C166C122-4F16-8C02-3667-61DD8F0ED1AB">
<createdBy>quick</createdBy>
<createdTime>2021-03-20 11:24:29 UTC</createdTime>
<generatorID>48964263-B439-F5BF-5653-F43A4E6EAEE6</generatorID>
<ownerDesignName>abd trabajo</ownerDesignName>
<engineerTo>
<item key="D988C372-5B9D-D014-1665-3175EC99EB4B" value="true"/>
</engineerTo>
<referedAttribute>43B15AF8-A297-2104-BFFF-9404198BE381</referedAttribute>
<useDomainConstraints>false</useDomainConstraints>
<use>1</use>
<logicalDatatype>LOGDT011</logicalDatatype>
<ownDataTypeParameters>,,</ownDataTypeParameters>
</Attribute>
<Attribute name="Referencia" id="0266322E-C7D7-71A9-5CD9-3101AB9F67D4">
<createdBy>quick</createdBy>
<createdTime>2021-03-20 11:24:35 UTC</createdTime>
<generatorID>8F542580-42BC-7C31-55A7-E5F2D0132F81</generatorID>
<ownerDesignName>abd trabajo</ownerDesignName>
<engineerTo>
<item key="D988C372-5B9D-D014-1665-3175EC99EB4B" value="true"/>
</engineerTo>
<referedAttribute>40918515-D883-9E06-6357-7F7FFF0EE0DB</referedAttribute>
<useDomainConstraints>false</useDomainConstraints>
<use>1</use>
<logicalDatatype>LOGDT011</logicalDatatype>
<ownDataTypeParameters>,,</ownDataTypeParameters>
</Attribute>
</attributes>
<identifiers itemClass="oracle.dbtools.crest.model.design.logical.CandidateKey">
<identifier id="B21B62A8-8B50-E117-980E-1D63807865F6" name="Asignaturas_Matricula PK">
<createdBy>quick</createdBy>
<createdTime>2021-03-20 11:24:29 UTC</createdTime>
<ownerDesignName>abd trabajo</ownerDesignName>
<engineerTo>
<item key="D988C372-5B9D-D014-1665-3175EC99EB4B" value="true"/>
</engineerTo>
<pk>true</pk>
<usedAttributes>
<attributeRef>843899C0-A051-CDA3-235E-89717CD2B5B1</attributeRef>
<attributeRef>C166C122-4F16-8C02-3667-61DD8F0ED1AB</attributeRef>
<attributeRef>0266322E-C7D7-71A9-5CD9-3101AB9F67D4</attributeRef>
</usedAttributes>
</identifier>
</identifiers>
</Entity>